{"cameraMode":{"drawMode":0,"name":"Shaded","section":"Shading Mode"},"sceneLighting":true,"audioPlay":false,"sceneViewState":{"m_AlwaysRefresh":false,"showFog":true,"showSkybox":true,"showFlares":true,"showImageEffects":true,"showParticleSystems":true,"showVisualEffectGraphs":true,"m_FxEnabled":true},"in2DMode":false,"pivot":{"x":-0.5385751724243164,"y":3.726016044616699,"z":0.3384648859500885},"rotation":{"x":0.16964367032051087,"y":0.6948460340499878,"z":-0.17398177087306977,"w":0.6771305203437805},"size":6.035588264465332,"orthographic":false}