{"cameraMode":{"drawMode":0,"name":"Shaded","section":"Shading Mode"},"sceneLighting":true,"audioPlay":false,"sceneViewState":{"m_AlwaysRefresh":false,"showFog":true,"showSkybox":true,"showFlares":true,"showImageEffects":true,"showParticleSystems":true,"showVisualEffectGraphs":true,"m_FxEnabled":true},"in2DMode":false,"pivot":{"x":-1.3901221752166749,"y":1.9880000352859498,"z":1.8566257953643799},"rotation":{"x":0.28843629360198977,"y":0.6449651122093201,"z":-0.28756603598594668,"w":0.6469084620475769},"size":6.617788314819336,"orthographic":false}