{"cameraMode":{"drawMode":0,"name":"Shaded","section":"Shading Mode"},"sceneLighting":true,"audioPlay":false,"sceneViewState":{"m_AlwaysRefresh":false,"showFog":true,"showSkybox":true,"showFlares":true,"showImageEffects":true,"showParticleSystems":true,"showVisualEffectGraphs":true,"m_FxEnabled":true},"in2DMode":false,"pivot":{"x":0.1352466642856598,"y":-0.012414932250976563,"z":-0.013495445251464844},"rotation":{"x":0.30642062425613406,"y":0.0151362344622612,"z":-0.0048531400971114639,"w":0.9519592523574829},"size":6.008359909057617,"orthographic":false}