{"cameraMode":{"drawMode":0,"name":"Shaded","section":"Shading Mode"},"sceneLighting":true,"audioPlay":false,"sceneViewState":{"m_AlwaysRefresh":false,"showFog":true,"showSkybox":true,"showFlares":true,"showImageEffects":true,"showParticleSystems":true,"showVisualEffectGraphs":true,"m_FxEnabled":true},"in2DMode":false,"pivot":{"x":-0.6693986654281616,"y":0.42182111740112307,"z":0.549586296081543},"rotation":{"x":0.3218245804309845,"y":0.057056400924921039,"z":-0.019409947097301484,"w":0.9450745582580566},"size":6.141180992126465,"orthographic":false}