{"cameraMode":{"drawMode":0,"name":"Shaded","section":"Shading Mode"},"sceneLighting":true,"audioPlay":false,"sceneViewState":{"m_AlwaysRefresh":false,"showFog":true,"showSkybox":true,"showFlares":true,"showImageEffects":true,"showParticleSystems":true,"showVisualEffectGraphs":true,"m_FxEnabled":true},"in2DMode":false,"pivot":{"x":-1.8973140716552735,"y":1.7310843467712403,"z":-0.07321435213088989},"rotation":{"x":0.23022808134555818,"y":0.6896645426750183,"z":-0.24783216416835786,"w":0.6405493021011353},"size":6.035588264465332,"orthographic":false}