{"cameraMode":{"drawMode":0,"name":"Shaded","section":"Shading Mode"},"sceneLighting":false,"audioPlay":false,"sceneViewState":{"m_AlwaysRefresh":false,"showFog":true,"showSkybox":false,"showFlares":true,"showImageEffects":true,"showParticleSystems":true,"showVisualEffectGraphs":true,"m_FxEnabled":true},"in2DMode":false,"pivot":{"x":-0.00020219385623931885,"y":0.05114530771970749,"z":0.006993994116783142},"rotation":{"x":0.30642062425613406,"y":0.0151362344622612,"z":-0.0048531400971114639,"w":0.9519592523574829},"size":0.3472684323787689,"orthographic":false}